ts,geo,device,status,body_sha8,title,html_lang,doc_lang,tz,locale,geo_permission,x_served_by,x_cache,content_length,notes
"2026-10-08T22:18:05.249Z","us-nyc","macbook-pro","200","acec9f5b","Headroom - Free Mac Disk Space Analyzer & Cleaner","en","en-US","America/New_York","en-US","granted","cache-cmh1290020-CMH","HIT","19908","h1=See what fills your disk.
Give it some headroom.;dir=;langs=en-US|en"
"2026-10-08T22:18:06.027Z","us-la","macbook-pro","200","b35945ff","Headroom - Free Mac Disk Space Analyzer & Cleaner","en","en-US","America/Los_Angeles","en-US","granted","cache-cmh1290020-CMH","HIT","19908","h1=See what fills your disk.
Give it some headroom.;dir=;langs=en-US|en"
"2026-10-08T22:18:06.809Z","uk-london","macbook-pro","200","7f040cc9","Headroom - Free Mac Disk Space Analyzer & Cleaner","en","en-US","Europe/London","en-US","granted","cache-cmh1290020-CMH","HIT","19908","h1=See what fills your disk.
Give it some headroom.;dir=;langs=en-US|en"
"2026-10-08T22:18:07.612Z","de-berlin","macbook-pro","200","27e0e3e4","Headroom - Free Mac Disk Space Analyzer & Cleaner","en","en-US","Europe/Berlin","en-US","granted","cache-cmh1290020-CMH","HIT","19908","h1=See what fills your disk.
Give it some headroom.;dir=;langs=en-US|en"
"2026-10-08T22:18:08.416Z","il-telaviv","macbook-pro","200","6843d94d","Headroom - Free Mac Disk Space Analyzer & Cleaner","en","en-US","Asia/Jerusalem","en-US","granted","cache-cmh1290020-CMH","HIT","19908","h1=See what fills your disk.
Give it some headroom.;dir=;langs=en-US|en"
"2026-10-08T22:18:09.193Z","jp-tokyo","macbook-pro","200","935ad9ad","Headroom - Free Mac Disk Space Analyzer & Cleaner","en","en-US","Asia/Tokyo","en-US","granted","cache-cmh1290020-CMH","HIT","19908","h1=See what fills your disk.
Give it some headroom.;dir=;langs=en-US|en"
"2026-10-08T22:18:09.960Z","br-saopaulo","macbook-pro","200","37ac60ef","Headroom - Free Mac Disk Space Analyzer & Cleaner","en","en-US","America/Sao_Paulo","en-US","granted","cache-cmh1290020-CMH","HIT","19908","h1=See what fills your disk.
Give it some headroom.;dir=;langs=en-US|en"
"2026-10-08T22:18:10.761Z","au-sydney","macbook-pro","200","01c09317","Headroom - Free Mac Disk Space Analyzer & Cleaner","en","en-US","Australia/Sydney","en-US","granted","cache-cmh1290020-CMH","HIT","19908","h1=See what fills your disk.
Give it some headroom.;dir=;langs=en-US|en"
"2026-10-08T22:18:11.543Z","in-mumbai","macbook-pro","200","948366c1","Headroom - Free Mac Disk Space Analyzer & Cleaner","en","en-US","Asia/Calcutta","en-US","granted","cache-cmh1290020-CMH","HIT","19908","h1=See what fills your disk.
Give it some headroom.;dir=;langs=en-US|en"
"2026-10-08T22:18:12.327Z","sg-singapore","macbook-pro","200","99a0430c","Headroom - Free Mac Disk Space Analyzer & Cleaner","en","en-US","Asia/Singapore","en-US","granted","cache-cmh1290020-CMH","HIT","19908","h1=See what fills your disk.
Give it some headroom.;dir=;langs=en-US|en"
"2026-10-08T22:18:13.075Z","us-nyc","iphone-15","200","cc7578ef","Headroom - Free Mac Disk Space Analyzer & Cleaner","en","en-US","America/New_York","en-US","granted","cache-cmh1290020-CMH","HIT","19908","h1=See what fills your disk.Give it some headroom.;dir=;langs=en-US|en"
"2026-10-08T22:18:13.807Z","uk-london","iphone-15","200","c1e7a9c5","Headroom - Free Mac Disk Space Analyzer & Cleaner","en","en-US","Europe/London","en-US","granted","cache-cmh1290020-CMH","HIT","19908","h1=See what fills your disk.Give it some headroom.;dir=;langs=en-US|en"
"2026-10-08T22:18:14.525Z","il-telaviv","iphone-15","200","e5bc1175","Headroom - Free Mac Disk Space Analyzer & Cleaner","en","en-US","Asia/Jerusalem","en-US","granted","cache-cmh1290020-CMH","HIT","19908","h1=See what fills your disk.Give it some headroom.;dir=;langs=en-US|en"
"2026-10-08T22:18:15.241Z","jp-tokyo","iphone-15","200","1492c605","Headroom - Free Mac Disk Space Analyzer & Cleaner","en","en-US","Asia/Tokyo","en-US","granted","cache-cmh1290020-CMH","HIT","19908","h1=See what fills your disk.Give it some headroom.;dir=;langs=en-US|en"
