ts,device,network,geo,href,text,landed_url,status,ok,detail
"2026-10-08T22:19:53.497Z","iphone-15","4g","us-nyc","#features","Features","https://headroom-app.org/#features","200","1","hash=#features"
"2026-10-08T22:19:54.536Z","iphone-15","4g","us-nyc","#duplicates","Duplicates","https://headroom-app.org/#duplicates","200","1","hash=#duplicates"
"2026-10-08T22:19:55.576Z","iphone-15","4g","us-nyc","#faq","FAQ","https://headroom-app.org/#faq","200","1","hash=#faq"
"2026-10-08T22:19:59.372Z","iphone-15","4g","us-nyc","https://github.com/Ryware/Headroom/releases/latest","Download","https://github.com/Ryware/Headroom/releases/tag/v1.0.5","200","1","navigated"
"2026-10-08T22:19:59.846Z","iphone-15","4g","us-nyc","https://ryware.dev/","","","","0","missing"
"2026-10-08T22:20:01.762Z","pixel-8","fast-3g","il-telaviv","#features","Features","https://headroom-app.org/#features","200","1","hash=#features"
"2026-10-08T22:20:02.802Z","pixel-8","fast-3g","il-telaviv","#duplicates","Duplicates","https://headroom-app.org/#duplicates","200","1","hash=#duplicates"
"2026-10-08T22:20:03.841Z","pixel-8","fast-3g","il-telaviv","#faq","FAQ","https://headroom-app.org/#faq","200","1","hash=#faq"
"2026-10-08T22:20:04.848Z","pixel-8","fast-3g","il-telaviv","https://github.com/Ryware/Headroom/releases/latest","Download","https://github.com/Ryware/Headroom/releases/tag/v1.0.5","304","1","navigated"
"2026-10-08T22:20:05.302Z","pixel-8","fast-3g","il-telaviv","https://ryware.dev/","","","","0","missing"
"2026-10-08T22:20:07.209Z","win-laptop","wifi","uk-london","#features","Features","https://headroom-app.org/#features","200","1","hash=#features"
"2026-10-08T22:20:08.249Z","win-laptop","wifi","uk-london","#duplicates","Duplicates","https://headroom-app.org/#duplicates","200","1","hash=#duplicates"
"2026-10-08T22:20:09.293Z","win-laptop","wifi","uk-london","#faq","FAQ","https://headroom-app.org/#faq","200","1","hash=#faq"
"2026-10-08T22:20:10.470Z","win-laptop","wifi","uk-london","https://github.com/Ryware/Headroom/releases/latest","Download","https://github.com/Ryware/Headroom/releases/tag/v1.0.5","200","1","navigated"
"2026-10-08T22:20:10.918Z","win-laptop","wifi","uk-london","https://ryware.dev/","","","","0","missing"
"2026-10-08T22:20:12.833Z","macbook-air","wifi","jp-tokyo","#features","Features","https://headroom-app.org/#features","200","1","hash=#features"
"2026-10-08T22:20:13.874Z","macbook-air","wifi","jp-tokyo","#duplicates","Duplicates","https://headroom-app.org/#duplicates","200","1","hash=#duplicates"
"2026-10-08T22:20:14.916Z","macbook-air","wifi","jp-tokyo","#faq","FAQ","https://headroom-app.org/#faq","200","1","hash=#faq"
"2026-10-08T22:20:15.646Z","macbook-air","wifi","jp-tokyo","https://github.com/Ryware/Headroom/releases/latest","Download","https://github.com/Ryware/Headroom/releases/tag/v1.0.5","304","1","navigated"
"2026-10-08T22:20:16.118Z","macbook-air","wifi","jp-tokyo","https://ryware.dev/","","","","0","missing"
"2026-10-08T22:20:18.041Z","galaxy-s24","slow-3g","de-berlin","#features","Features","https://headroom-app.org/#features","200","1","hash=#features"
"2026-10-08T22:20:19.081Z","galaxy-s24","slow-3g","de-berlin","#duplicates","Duplicates","https://headroom-app.org/#duplicates","200","1","hash=#duplicates"
"2026-10-08T22:20:20.124Z","galaxy-s24","slow-3g","de-berlin","#faq","FAQ","https://headroom-app.org/#faq","200","1","hash=#faq"
"2026-10-08T22:20:22.094Z","galaxy-s24","slow-3g","de-berlin","https://github.com/Ryware/Headroom/releases/latest","Download","https://github.com/Ryware/Headroom/releases/tag/v1.0.5","200","1","navigated"
"2026-10-08T22:20:22.557Z","galaxy-s24","slow-3g","de-berlin","https://ryware.dev/","","","","0","missing"
"2026-10-08T22:20:24.466Z","win-desktop","4g","br-saopaulo","#features","Features","https://headroom-app.org/#features","200","1","hash=#features"
"2026-10-08T22:20:25.506Z","win-desktop","4g","br-saopaulo","#duplicates","Duplicates","https://headroom-app.org/#duplicates","200","1","hash=#duplicates"
"2026-10-08T22:20:26.546Z","win-desktop","4g","br-saopaulo","#faq","FAQ","https://headroom-app.org/#faq","200","1","hash=#faq"
"2026-10-08T22:20:27.230Z","win-desktop","4g","br-saopaulo","https://github.com/Ryware/Headroom/releases/latest","Download","https://github.com/Ryware/Headroom/releases/tag/v1.0.5","200","1","navigated"
"2026-10-08T22:20:27.681Z","win-desktop","4g","br-saopaulo","https://ryware.dev/","","","","0","missing"
"2026-10-08T22:26:12.823Z","iphone-15","wifi","us-nyc","https://ryware.dev","Ryware","https://ryware.dev/","200","1","navigated-fixed"
"2026-10-08T22:26:12.979Z","pixel-8","wifi","il-telaviv","https://ryware.dev","Ryware","https://ryware.dev/","304","1","navigated-fixed"
"2026-10-08T22:26:13.139Z","win-laptop","wifi","uk-london","https://ryware.dev","Ryware","https://ryware.dev/","304","1","navigated-fixed"
"2026-10-08T22:26:13.284Z","macbook-air","wifi","jp-tokyo","https://ryware.dev","Ryware","https://ryware.dev/","304","1","navigated-fixed"
"2026-10-08T22:26:13.396Z","galaxy-s24","wifi","de-berlin","https://ryware.dev","Ryware","https://ryware.dev/","304","1","navigated-fixed"
"2026-10-08T22:26:13.563Z","win-desktop","wifi","br-saopaulo","https://ryware.dev","Ryware","https://ryware.dev/","304","1","navigated-fixed"
